{"eval/loss": 1.3736752271652222, "eval/runtime": 12.0106, "eval/samples_per_second": 1.748, "eval/steps_per_second": 0.5, "train/epoch": 3.0, "train/global_step": 18, "_timestamp": 1690994852.4288142, "_runtime": 178.37040328979492, "_step": 4, "train/loss": 1.3741, "train/learning_rate": 1.0000000000000002e-06, "train/train_runtime": 183.139, "train/train_samples_per_second": 0.344, "train/train_steps_per_second": 0.098, "train/total_flos": 0.0, "train/train_loss": 1.3737104733784993, "_wandb": {"runtime": 178}}